<?xml version="1.0" encoding="UTF-8"?>
<feature
      id="au.com.langdale.cimtoole.feature"
      label="CIMTool"
      version="1.8.3.201007121434"
      provider-name="Langdale Consultants">

   <description url="http://cimtool.org">
      CIMTool is an open source tool for supporting the IEC Common Information Model (CIM) standards used in the electric power industry.
   </description>

   <copyright>
      CIMTool is copyright 2005,2006,2007,2008,2009 
Langdale Consultants Pty Ltd
Suite 14 7 Narabang Way
Belrose NSW
AUSTRALIA
   </copyright>

   <license>
      This software is Copyright 2005,2006,2007,2008 Langdale Consultants 
except where otherwise stated. 

Langdale Consultants can be contacted at:

http://www.langdale.com.au

You can redistribute this software and/or modify it under 
the terms of the GNU Lesser General Public License version 2.1
as published by the Free Software Foundation.

This software is distributed in the hope that it will be useful,
but WITHOUT ANY WARRANTY; without even the implied warranty of
MERCHANTABILITY or FITNESS FOR A PARTICULAR PURPOSE.  See the GNU
Lesser General Public License for more details.

You should have received a copy of the GNU Lesser General Public
License along with this library; if not, write to the 

Free Software Foundation, Inc., 
51 Franklin Street, Fifth Floor, 
Boston, MA  02110-1301  USA

This software includes parts of the Jena package http://jena.sf.net
redistributed under the Jena license and the Apache license.

This software includes parts of the POI package 
redistributed under the Apache license. 

This software includes parts of the Jackcess package http://jackcess.sourceforge.net/ 
info@healthmarketscience redistributed under the LGPL version 2.1.
   </license>

   <url>
      <update label="CIMTool Update Site" url="http://files.cimtool.org"/>
      <discovery label="CIMTool Update Site" url="http://files.cimtool.org"/>
   </url>

   <requires>
      <import plugin="org.eclipse.ui"/>
      <import plugin="org.eclipse.core.runtime"/>
      <import plugin="org.eclipse.core.resources"/>
      <import plugin="org.eclipse.ui.ide"/>
      <import plugin="org.eclipse.jface.text"/>
      <import plugin="org.eclipse.ui.editors"/>
      <import plugin="org.eclipse.ui.views"/>
      <import plugin="org.eclipse.ui.forms"/>
      <import plugin="org.eclipse.compare"/>
   </requires>

   <plugin
         id="au.com.langdale.cimtoole"
         download-size="0"
         install-size="0"
         version="1.8.3.201007121434"
         unpack="false"/>

   <plugin
         id="au.com.langdale.cimtoole.help"
         download-size="0"
         install-size="0"
         version="1.8.3.201007121434"
         unpack="false"/>

   <plugin
         id="au.com.langdale.kena"
         download-size="0"
         install-size="0"
         version="3.2.0.201007121434"/>

   <plugin
         id="au.com.langdale.rcputil"
         download-size="0"
         install-size="0"
         version="2.1.0.201007121434"
         unpack="false"/>

   <plugin
         id="au.com.langdale.cimutil"
         download-size="0"
         install-size="0"
         version="1.8.3.201007121434"/>

</feature>
